INSERT INTO AUDIO_FILE VALUES('JHS50SideA', '2016-10-13 17:17:09', 'Internet Archive HTML5 Uploader 1.6.3', 'English', '1999-07-13', 'JHS 50', 'Samuel Swern', 'https://archive.org/details/JHS50SideA');
INSERT INTO AUDIO_FILE VALUES('JHS10SideA', '2016-10-13 16:46:51', 'Internet Archive HTML5 Uploader 1.6.3', 'English', '2003-10-16', 'JHS 10', ' Interviewed at his house. Most of the interview consists of miscellaneous reminiscences of Jewtown', 'https://archive.org/details/JHS10SideA');
INSERT INTO AUDIO_FILE VALUES('JHS55SideA', '2016-10-13 17:30:57', 'Internet Archive HTML5 Uploader 1.6.3', 'English', '1995-01-19', 'JHS 55', 'Samuel Rudner, 19 January 1995', 'https://archive.org/details/JHS55SideA');
INSERT INTO INTERVIEWER VALUES(1,'M', 88, 'Orvil "Ozzie" Zuckerman');
INSERT INTO INTERVIEWER VALUES(2,'M', 78, 'Jake Survey');
INSERT INTO INTERVIEWER VALUES(3,'M', 73, 'Wyatt Henry');
INSERT INTO INTERVIEWEE VALUES(1,'F', 80, 'Jeanne Swern Levitt', 'Trenton', 'NJ');
INSERT INTO INTERVIEWEE VALUES(2,'F', 94, 'Doris Swern Berger', 'Trenton', 'NJ');
INSERT INTO INTERVIEWEE VALUES(3,'M', 90, 'Herman "Humpsy" Finkle', 'Trenton', 'NJ');
INSERT INTO INTERVIEWEE VALUES(4,'M', 80, 'Samuel Rudner', 'Trenton' ,'NJ');
INSERT INTO USR VALUES('shanson@university.com', 'Sally Hanson', 's3cr3t!', 'N');
INSERT INTO USR VALUES('vbradley@university.com', 'Vera Bradley', 'H&bag', 'Y');
INSERT INTO USR VALUES('csanders@university.com', 'Collin Sanders', 'b1scu1ts', 'N');
INSERT INTO ADMIN VALUES ('mdonald@university.com', 'Mack Donald', 'eiEi0');
INSERT INTO ADMIN VALUES('ageddon@university.com', 'Armin Geddon', 'T3xas');
INSERT INTO ADMIN VALUES('omeyer@university.com', 'Oscar Meyer', 'h0td0g');
INSERT INTO REPORT VALUES(1,'md_edit', 'shanson@university.com', 'ageddon@university.com', 'approved');
INSERT INTO REPORT VALUES(2,'trans_error', 'csanders@university.com','omeyer@university.com','pending');
INSERT INTO REPORT VALUES(3,'md_edit', 'shanson@university.com','mdonald@university.com', 'approved');
INSERT INTO TRANSCRIPT VALUES('JHS50SideA', 'Fran Scriber', 'English', 'https://docs.google.com/document/d/1ZjbRkX68r5tY-G4_reAOyrrXlE5QB_vk3VASdfecU58/edit?usp=sharing');
INSERT INTO TRANSCRIPT VALUES('JHS10SideA', 'May Dupname', 'English', 'https://docs.google.com/document/d/1eZYOcmHOgDkUVcXhVeTVjGaU9Nz4WYu5FvaioPKaP1o/edit?usp=sharing');
INSERT INTO TRANSCRIPT VALUES('JHS55SideA', 'Bob Bert', 'English', 'https://docs.google.com/document/d/1DQpyzlNhU85dzMjyZq_ieIbShdKqdxf4st-J2g290_o/edit?usp=sharing');
INSERT INTO BLOCK VALUES('vbradley@university.com','mdonald@university.com');
INSERT INTO INTERVIEWED_BY VALUES('JHS50SideA',1);
INSERT INTO INTERVIEWED_BY VALUES('JHS10SideA',2);
INSERT INTO INTERVIEWED_BY VALUES('JHS55SideA',3);
INSERT INTO INTERVIEW_OF VALUES('JHS50SideA',1);
INSERT INTO INTERVIEW_OF VALUES('JHS50SideA',2);
INSERT INTO INTERVIEW_OF VALUES('JHS10SideA',3);
INSERT INTO INTERVIEW_OF VALUES('JHS55SideA',4);
INSERT INTO KEYWORDS VALUES('JHS50SideA', ARRAY['Samuel Swern', 'Jewish', 'immigrants']);
INSERT INTO KEYWORDS VALUES('JHS10SideA', ARRAY['Jewtown', 'YMHA', 'Palestine', 'Jewish']);
INSERT INTO KEYWORDS VALUES('JHS55SideA', ARRAY['Samuel Rudner', 'Jewish', 'oral history']);
INSERT INTO INTERVIEWER_RACES VALUES(1,'white');
INSERT INTO INTERVIEWER_RACES VALUES(2,'black');
INSERT INTO INTERVIEWER_RACES VALUES(3,'white');
INSERT INTO INTERVIEWEE_RACES VALUES(1,'white');
INSERT INTO INTERVIEWEE_RACES VALUES(2,'white');
INSERT INTO INTERVIEWEE_RACES VALUES(3,'white');
INSERT INTO INTERVIEWEE_RACES VALUES(4,'white');
INSERT INTO TRANSCRIPT_ERROR VALUES(2, 'desc2');
INSERT INTO METADATA_EDIT_REQUEST VALUES(1, 'desc1', 'name1');
INSERT INTO METADATA_EDIT_REQUEST VALUES(3, 'desc3', 'name3');
