INSERT INTO AUDIO_FILE VALUES('JHS50SideA', '2016-10-13 17:17:09', 'Internet Archive HTML5 Uploader 1.6.3', 'English', '1999-07-13', 'JHS 50', 'Samuel Swern', 'https://archive.org/details/JHS50SideA');
INSERT INTO AUDIO_FILE VALUES('JHS10SideA', '2016-10-13 16:46:51', 'Internet Archive HTML5 Uploader 1.6.3', 'English', '2003-10-16', 'JHS 10', ' Interviewed at his house. Most of the interview consists of miscellaneous reminiscences of Jewtown', 'https://archive.org/details/JHS10SideA');
INSERT INTO AUDIO_FILE VALUES('JHS55SideA', '2016-10-13 17:30:57', 'Internet Archive HTML5 Uploader 1.6.3', 'English', '1995-01-19', 'JHS 55', 'Samuel Rudner, 19 January 1995', 'https://archive.org/details/JHS55SideA');
INSERT INTO INTERVIEWER VALUES('JT01', 'M', 88, 'Orvil "Ozzie" Zuckerman');
INSERT INTO INTERVIEWER VALUES('JT02', 'M', 78, 'Jake Survey');
INSERT INTO INTERVIEWER VALUES('JT03', 'M', 73, 'Wyatt Henry');
INSERT INTO INTERVIEWEE VALUES('id01', 'F', 80, 'Jeanne Swern Levitt', 'Trenton', 'NJ');
INSERT INTO INTERVIEWEE VALUES('id02', 'F', 94, 'Doris Swern Berger', 'Trenton', 'NJ');
INSERT INTO INTERVIEWEE VALUES('id03', 'M', 90, 'Herman "Humpsy" Finkle', 'Trenton', 'NJ');
INSERT INTO INTERVIEWEE VALUES('id04', 'M', 80, 'Samuel Rudner', 'Trenton' ,'NJ');
INSERT INTO USR VALUES('shanson@university.com', 'Sally Hanson', 's3cr3t!', 'N');
INSERT INTO USR VALUES('vbradley@university.com', 'Vera Bradley', 'H&bag', 'Y');
INSERT INTO USR VALUES('csanders@university.com', 'Collin Sanders', 'b1scu1ts', 'N');
INSERT INTO ADMIN VALUES ('mdonald@university.com', 'Mack Donald', 'eiEi0');
INSERT INTO ADMIN VALUES('ageddon@university.com', 'Armin Geddon', 'T3xas');
INSERT INTO ADMIN VALUES('omeyer@university.com', 'Oscar Meyer', 'h0td0g');
INSERT INTO REPORT VALUES('r1001', 'audio', 'shanson@university.com', 'ageddon@university.com', 'approved');
INSERT INTO REPORT VALUES('r1002', 'transcript', 'csanders@university.com','omeyer@university.com','pending');
INSERT INTO REPORT VALUES('r1003', 'audio', 'shanson@university.com','mdonald@university.com', 'approved');
INSERT INTO TRANSCRIPT VALUES('JHS50SideA', 'Fran Scriber', 'English', 'https://docs.google.com/document/d/1ZjbRkX68r5tY-G4_reAOyrrXlE5QB_vk3VASdfecU58/edit?usp=sharing');
INSERT INTO TRANSCRIPT VALUES('JHS10SideA', 'May Dupname', 'English', 'https://docs.google.com/document/d/1eZYOcmHOgDkUVcXhVeTVjGaU9Nz4WYu5FvaioPKaP1o/edit?usp=sharing');
INSERT INTO TRANSCRIPT VALUES('JHS55SideA', 'Bob Bert', 'English', 'https://docs.google.com/document/d/1DQpyzlNhU85dzMjyZq_ieIbShdKqdxf4st-J2g290_o/edit?usp=sharing');
INSERT INTO BLOCK VALUES('vbradley@university.com','mdonald@university.com');
INSERT INTO INTERVIEWED_BY VALUES('JHS50SideA', 'JT01');
INSERT INTO INTERVIEWED_BY VALUES('JHS10SideA', 'JT02');
INSERT INTO INTERVIEWED_BY VALUES('JHS55SideA', 'JT03');
INSERT INTO INTERVIEW_OF VALUES('JHS50SideA', 'id01');
INSERT INTO INTERVIEW_OF VALUES('JHS50SideA', 'id02');
INSERT INTO INTERVIEW_OF VALUES('JHS10SideA', 'id03');
INSERT INTO INTERVIEW_OF VALUES('JHS55SideA', 'id04');
INSERT INTO KEYWORDS VALUES('JHS50SideA', 'Samuel Swern, Jewish, immigrants');
INSERT INTO KEYWORDS VALUES('JHS10SideA', 'Jewtown, YMHA, Palestine, Jewish');
INSERT INTO KEYWORDS VALUES('JHS55SideA', 'Samuel Rudner, Jewish, oral history');
INSERT INTO INTERVIEWER_RACES VALUES('JT01','white');
INSERT INTO INTERVIEWER_RACES VALUES('JT02','black');
INSERT INTO INTERVIEWER_RACES VALUES('JT03','white');
INSERT INTO INTERVIEWEE_RACES VALUES('id01','white');
INSERT INTO INTERVIEWEE_RACES VALUES('id02','white');
INSERT INTO INTERVIEWEE_RACES VALUES('id03','white');
INSERT INTO INTERVIEWEE_RACES VALUES('id04', 'white');
INSERT INTO TRANSCRIPT_ERROR VALUES('r1001', 'desc1');
INSERT INTO TRANSCRIPT_ERROR VALUES('r1002', 'desc2');
INSERT INTO TRANSCRIPT_ERROR VALUES('r1003', 'desc');
INSERT INTO METADATA_EDIT_REQUEST VALUES('r1001', 'desc1', 'name1');
INSERT INTO METADATA_EDIT_REQUEST VALUES('r1002', 'desc2', 'name2');
INSERT INTO METADATA_EDIT_REQUEST VALUES('r1003', 'desc3', 'name3');
